"","mean","sd","2.5%","25%","50%","75%","97.5%","Rhat","n.eff"
"beta0",5.88699657399122,0.133808576775689,5.62640352827072,5.79711418105736,5.88980045923689,5.97453080855538,6.1430874592327,1.00063280899206,3000
"beta1",0.0243596703664028,0.00354673299744558,0.017350264798767,0.0220674907421919,0.0242964740571014,0.0267405372270555,0.0313808166690026,1.00066158923811,3000
"beta2",0.159547680295833,0.0181251767732417,0.124590833133277,0.147399069652335,0.159461875195615,0.17174465458221,0.194121762559343,1.00120850639326,2800
"beta3",-0.0223484726476434,0.00161076427395719,-0.0253574448619398,-0.0234402608785084,-0.0223158927788127,-0.021272090980326,-0.019229511553844,1.00163533303065,1800
"deviance",407.441092478728,12.6669835417944,388.8290457143,399.771268098205,406.642484071013,413.608834278032,429.607590823475,1.00265491596002,3000
