"","mean","sd","2.5%","25%","50%","75%","97.5%","Rhat","n.eff"
"beta0",5.87976273908149,0.13530792196894,5.61018895862903,5.79024987402579,5.87914325950697,5.96993399786271,6.14575390085414,1.00057975689691,3000
"beta1",0.0246014516808074,0.00362945617407456,0.0174342890026566,0.0222126535951343,0.0246234478301463,0.0270178951621841,0.0317619178804225,1.00144748617888,2100
"beta2",0.159725528862332,0.0175836235261801,0.124751177195899,0.147728114822108,0.159639516908222,0.171365871993894,0.193358561475536,1.00160332055157,1800
"beta3",-0.0223722572812635,0.00156787205835417,-0.0253894885117729,-0.0234267586493686,-0.0223833862072888,-0.0213166303607596,-0.0193151617469857,1.00169735431705,1700
"deviance",407.110859456865,12.673125711791,388.933597452446,399.325868286409,406.162766441997,413.593711581969,429.626092712827,1.00090889217939,3000
