"","mean","sd","2.5%","25%","50%","75%","97.5%","Rhat","n.eff"
"beta0_orig",-6.09635883584939,32.5444223641089,-71.7237158286019,-26.0604566731749,-4.67197677714496,13.8438425566341,57.4031977110575,1.00140795180739,2200
"beta1_orig",159.313582476771,29.0101281711131,101.27841840816,140.435700891604,159.89889738079,178.642376650284,215.399598203412,1.00206163805538,1300
"beta2_orig",1.81530056118002,8.35561817955903,-14.6037924026371,-3.72207053008594,1.56702143433961,7.54893343047807,18.6196974776031,1.00076790383027,3000
"beta3_orig",-0.181486113088536,1.03884085423277,-2.35785862496633,-0.802364232154006,-0.142193463153154,0.453687681468397,1.88891461107944,1.00160647697793,1800
"beta4_orig",-29.4329542870268,14.8326372825399,-58.5717557653301,-39.4725927839162,-29.0931830476291,-19.0184930730025,-1.32548209809531,1.00072571797896,3000
"beta5_orig",-1.80160750607854,5.93184770797549,-13.9839092817238,-5.27344977344227,-1.60152131389268,1.97336083771763,9.61468185780731,1.00105268895684,3000
"beta6_orig",-0.959311151968902,0.860783805727175,-2.79423203462756,-1.52366661836435,-0.89971010691201,-0.344623919226987,0.561980823969081,1.00211599681817,1200
"beta7_orig",-7.1228313809947,8.92169803838139,-25.4611832968674,-12.974607018349,-6.52712048097688,-1.03197915991467,8.92584992518961,1.00089775645936,3000
"deviance",1732.5550702118,10.5325207953244,1713.77453487538,1725.16508878018,1731.86970657992,1739.54434297936,1754.32103618648,1.00161362552367,1800
