"","mean","sd","2.5%","25%","50%","75%","97.5%","Rhat","n.eff"
"beta0_orig",1.77440903534567,0.270453431409982,1.23788724657602,1.59509237586984,1.77816031974438,1.9583137522228,2.30856583603896,1.00076174865849,3000
"beta1_orig",0.00100775483834478,0.00506417919859063,-0.00904919716317346,-0.00233916101695859,0.000961401635329405,0.00443632046438779,0.0110084175899278,1.00057000794015,3000
"beta2_orig",-0.377198316696151,0.0166465167612543,-0.410079053194298,-0.388102777223007,-0.376993739977519,-0.365914962858111,-0.344108056189185,1.00091927397187,3000
"deviance",980.681062667357,10.492498149692,962.103775443042,973.436690104644,979.916484545283,987.065395310108,1002.42538437114,1.00072283178768,3000
