"","mean","sd","2.5%","25%","50%","75%","97.5%","Rhat","n.eff"
"beta0_orig",1.82259354301055,0.171260282047004,1.48247939375599,1.7099374512688,1.82680853408809,1.93496874441531,2.14935010564105,1.00073997095993,3000
"beta1_orig",0.230429954900537,0.127910644145124,-0.0030910380803462,0.139284880558297,0.228546402297442,0.318963760454926,0.477865633152859,1.00073742814617,3000
"beta2_orig",-0.375769345994009,0.0166051168455377,-0.408239175350853,-0.387060376202239,-0.37556928889317,-0.36477753210231,-0.342951770367258,1.0018287784952,1500
"beta3_orig",-0.0531627001735186,0.0118197628708713,-0.075320113459822,-0.0614106368706036,-0.0531654705659383,-0.0451028996910846,-0.0300777648928306,1.00088235159893,3000
"deviance",956.618145707523,10.2476633225532,938.950049649312,949.283404060619,955.85558341488,962.982368780999,978.492324001165,1.00082467785646,3000
